codigo_bairro_ibge;bairro_ibge;codigo_uf;uf;codigo_municipio_ibge;municipio;populacao_censo_2022;chave_normalizada
4201406006;Alto Feliz;42;Santa Catarina;4201406;Araranguá;1874;ALTO FELIZ
4201406017;Arapongas;42;Santa Catarina;4201406;Araranguá;3039;ARAPONGAS
4201406008;Barranca;42;Santa Catarina;4201406;Araranguá;1027;BARRANCA
4201406024;Canivete;42;Santa Catarina;4201406;Araranguá;619;CANIVETE
4201406018;Caverazinho;42;Santa Catarina;4201406;Araranguá;2689;CAVERAZINHO
4201406001;Centro;42;Santa Catarina;4201406;Araranguá;2836;CENTRO
4201406010;Centro Cívico;42;Santa Catarina;4201406;Araranguá;1569;CENTRO CIVICO
4201406009;Cidade Alta;42;Santa Catarina;4201406;Araranguá;3137;CIDADE ALTA
4201406003;Coloninha;42;Santa Catarina;4201406;Araranguá;6745;COLONINHA
4201406007;Divinéia;42;Santa Catarina;4201406;Araranguá;2597;DIVINEIA
4201406019;Industrial;42;Santa Catarina;4201406;Araranguá;771;INDUSTRIAL
4201406013;Jardim Cibele;42;Santa Catarina;4201406;Araranguá;2973;JARDIM CIBELE
4201406005;Jardim das Avenidas;42;Santa Catarina;4201406;Araranguá;2987;JARDIM DAS AVENIDAS
4201406020;Lagoa da Serra;42;Santa Catarina;4201406;Araranguá;685;LAGOA DA SERRA
4201406011;Lagoão;42;Santa Catarina;4201406;Araranguá;4515;LAGOAO
4201406012;Mato Alto;42;Santa Catarina;4201406;Araranguá;3553;MATO ALTO
4201406025;Morro dos Conventos Parte Alta;42;Santa Catarina;4201406;Araranguá;834;MORRO DOS CONVENTOS PARTE ALTA
4201406026;Morro dos Conventos Parte Baixa;42;Santa Catarina;4201406;Araranguá;122;MORRO DOS CONVENTOS PARTE BAIXA
4201406021;Operária;42;Santa Catarina;4201406;Araranguá;1447;OPERARIA
4201406027;Paiquerê;42;Santa Catarina;4201406;Araranguá;192;PAIQUERE
4201406014;Polícia Rodoviária;42;Santa Catarina;4201406;Araranguá;5427;POLICIA RODOVIARIA
4201406016;Sanga da Areia;42;Santa Catarina;4201406;Araranguá;662;SANGA DA AREIA
4201406028;Sanga da Toca;42;Santa Catarina;4201406;Araranguá;1386;SANGA DA TOCA
4201406029;Sanga da Toca 1ª;42;Santa Catarina;4201406;Araranguá;903;SANGA DA TOCA 1A
4201406022;Santa Barbara;42;Santa Catarina;4201406;Araranguá;1180;SANTA BARBARA
4201406015;Santa Catarina;42;Santa Catarina;4201406;Araranguá;1299;SANTA CATARINA
4201406023;Santa Rosa de Lima;42;Santa Catarina;4201406;Araranguá;1460;SANTA ROSA DE LIMA
4201406004;Urussanguinha;42;Santa Catarina;4201406;Araranguá;5779;URUSSANGUINHA
4201406002;Vila São José;42;Santa Catarina;4201406;Araranguá;3317;VILA SAO JOSE
