id,item,categoria,medicamento,nome_busca,apresentacao,local_bruto,locais,qtd_locais,tem_farmacia,tem_ubs,observacao
1,1,Analgésicos,Dipirona Sódica,Dipirona Sódica,500 mg/ml solução oral (gotas/frasco),Farmácia Bom Pastor/ UBS,Farmácia Bom Pastor | UBS Hercílio Luz | UBS Morro dos Conventos | UBS Jardim das Avenidas | UBS Coloninha | UBS Urussanguinha | UBS Vila São José | UBS Cidade Alta | UBS Divinéia | UBS Mato Alto | UBS Lagoão | UBS Jardim Cibele | UBS Polícia Rodoviária | UBS Sanga da Areia | UBS Sanga da Toca,15,True,True,
2,2,Analgésicos,Dipirona sódica,Dipirona Sódica,500 mg comprimido,Farmácia Bom Pastor/ UBS,Farmácia Bom Pastor | UBS Hercílio Luz | UBS Morro dos Conventos | UBS Jardim das Avenidas | UBS Coloninha | UBS Urussanguinha | UBS Vila São José | UBS Cidade Alta | UBS Divinéia | UBS Mato Alto | UBS Lagoão | UBS Jardim Cibele | UBS Polícia Rodoviária | UBS Sanga da Areia | UBS Sanga da Toca,15,True,True,
3,3,Analgésicos,Paracetamol,Paracetamol,500mg comprimido,Farmácia Bom Pastor/ UBS,Farmácia Bom Pastor | UBS Hercílio Luz | UBS Morro dos Conventos | UBS Jardim das Avenidas | UBS Coloninha | UBS Urussanguinha | UBS Vila São José | UBS Cidade Alta | UBS Divinéia | UBS Mato Alto | UBS Lagoão | UBS Jardim Cibele | UBS Polícia Rodoviária | UBS Sanga da Areia | UBS Sanga da Toca,15,True,True,
4,4,Analgésicos,Paracetamol,Paracetamol,200 mg/ml solução oral (gotas/frasco),Farmácia Bom Pastor/ UBS,Farmácia Bom Pastor | UBS Hercílio Luz | UBS Morro dos Conventos | UBS Jardim das Avenidas | UBS Coloninha | UBS Urussanguinha | UBS Vila São José | UBS Cidade Alta | UBS Divinéia | UBS Mato Alto | UBS Lagoão | UBS Jardim Cibele | UBS Polícia Rodoviária | UBS Sanga da Areia | UBS Sanga da Toca,15,True,True,
5,5,Antibacterianos,Amoxicilina,Amoxicilina,50 mg/ml pó para suspensão oral frasco,Farmácia Bom Pastor,Farmácia Bom Pastor,1,True,False,
6,6,Antibacterianos,Amoxicilina,Amoxicilina,500 mg cápsula,Farmácia Bom Pastor,Farmácia Bom Pastor,1,True,False,
7,7,Antibacterianos,Amoxicilina + Clavulanato potássio,Amoxicilina + Clavulanato Potássio,"50 mg + 12,5 mg/ml suspensão oral frasco",Farmácia Bom Pastor,Farmácia Bom Pastor,1,True,False,
8,8,Antibacterianos,Amoxicilina + Clavulanato potássio,Amoxicilina + Clavulanato Potássio,500 mg + 125 mg comprimido revestido,Farmácia Bom Pastor,Farmácia Bom Pastor,1,True,False,
9,9,Antibacterianos,Azitromicina diidratada,Azitromicina Diidratada,500 mg comprimido revestido,Farmácia Bom Pastor,Farmácia Bom Pastor,1,True,False,
10,10,Antibacterianos,Azitromicina,Azitromicina,40 mg/ml pó para suspensão oral frasco,Farmácia Bom Pastor,Farmácia Bom Pastor,1,True,False,
11,11,Antibacterianos,Benzilpenicilina benzatina,Benzilpenicilina Benzatina,600UI pó para suspensão Injetável IM,Farmácia Bom Pastor,Farmácia Bom Pastor,1,True,False,
12,12,Antibacterianos,Benzilpenicilina benzatina,Benzilpenicilina Benzatina,1.200.000 UI pó para suspensão injetável IM,Farmácia Bom Pastor,Farmácia Bom Pastor,1,True,False,
13,13,Antibacterianos,Cefalexina,Cefalexina,50 mg/ml pó para suspensão oral frasco,Farmácia Bom Pastor,Farmácia Bom Pastor,1,True,False,
14,14,Antibacterianos,Cefalexina,Cefalexina,500 mg comprimido revestido,Farmácia Bom Pastor,Farmácia Bom Pastor,1,True,False,
15,15,Antibacterianos,Ceftriaxona,Ceftriaxona,500mg pó para solução injetável,Farmácia Bom Pastor,Farmácia Bom Pastor,1,True,False,
16,16,Antibacterianos,ceftriaxona,Ceftriaxona,1g pó para solução injetável,Farmácia Bom Pastor,Farmácia Bom Pastor,1,True,False,
17,17,Antibacterianos,"Ciprofloxacino , cloridrato",Ciprofloxacino,500 mg comprimido,Farmácia Bom Pastor,Farmácia Bom Pastor,1,True,False,
18,18,Antibacterianos,Claritromicina,Claritromicina,250 mg,Farmácia Bom Pastor,Farmácia Bom Pastor,1,True,False,
19,19,Antibacterianos,"Clindamicina, cloridrato",Clindamicina,300 mg cápsula,Farmácia Bom Pastor,Farmácia Bom Pastor,1,True,False,
20,20,Antibacterianos,Cloranfenicol,Cloranfenicol,250mg comprimido,Farmácia Bom Pastor,Farmácia Bom Pastor,1,True,False,
21,21,Antibacterianos,"Eritromicina, estolato",Eritromicina,500 mg comprimido revestido,Farmácia Bom Pastor,Farmácia Bom Pastor,1,True,False,
22,22,Antibacterianos,"Eritromicina, estolato",Eritromicina,50 mg/ml pó para suspensão oral frasco,Farmácia Bom Pastor,Farmácia Bom Pastor,1,True,False,
23,23,Antibacterianos,Metronidazol,Metronidazol,250 mg comprimido revestido,Farmácia Bom Pastor,Farmácia Bom Pastor,1,True,False,
24,24,Antibacterianos,Metronidazol,Metronidazol,100 mg/g gel vaginal bisnaga 50g,Farmácia Bom Pastor,Farmácia Bom Pastor,1,True,False,
25,25,Antibacterianos,(Benzoil)Metronidazol,Metronidazol,40 mg/ml suspensão oral frasco,Farmácia Bom Pastor,Farmácia Bom Pastor,1,True,False,
26,26,Antibacterianos,Metronidazol,Metronidazol,400 mg comprimido revestido,Farmácia Bom Pastor,Farmácia Bom Pastor,1,True,False,
27,27,Antibacterianos,Nitrofurantoína Sulfametoxaz,Nitrofurantoína Sulfametoxaz,100 mg comprimido 400 mg + 80 mg comprimido,Farmácia Bom Pastor Farmácia Bom,Farmácia Bom Pastor,1,True,False,
28,28,Antibacterianos,ol + Trimetoprima,Ol + Trimetoprima,,Pastor,Farmácia Bom Pastor,1,True,False,
29,29,Antibacterianos,Sulfametoxazol + Trimetoprima,Sulfametoxazol + Trimetoprima,40 mg + 8 mg/ml suspensão oral frasco,Farmácia Bom Pastor,Farmácia Bom Pastor,1,True,False,
30,30,Antibacterianos,Sulfato gentamicina,Sulfato Gentamicina,5mg/ml Solução oftálmica,Farmácia Bom Pastor,Farmácia Bom Pastor,1,True,False,
31,31,Antivirais,Aciclovir,Aciclovir,200 mg,Farmácia Bom Pastor,Farmácia Bom Pastor,1,True,False,
32,32,Antivirais,Aciclovir,Aciclovir,50mg/g creme bisnaga 10g,Farmácia Bom pastor,Farmácia Bom Pastor,1,True,False,
33,33,Antifúngicos,cetoconazol,Cetoconazol,Xampu 20mg/g(2%),Farmácia Bom Pastor,Farmácia Bom Pastor,1,True,False,
34,34,Antifúngicos,Fluconazol,Fluconazol,150mg Cápsula,Farmácia Bom Pastor/ UBS,Farmácia Bom Pastor | UBS Hercílio Luz | UBS Morro dos Conventos | UBS Jardim das Avenidas | UBS Coloninha | UBS Urussanguinha | UBS Vila São José | UBS Cidade Alta | UBS Divinéia | UBS Mato Alto | UBS Lagoão | UBS Jardim Cibele | UBS Polícia Rodoviária | UBS Sanga da Areia | UBS Sanga da Toca,15,True,True,
35,35,Antifúngicos,Itraconazol,Itraconazol,100mg cápsula,Farmácia Bom Pastor,Farmácia Bom Pastor,1,True,False,
36,36,Antifúngicos,"Miconazol, nitrato",Miconazol,Creme 2%,Farmácia Bom Pastor,Farmácia Bom Pastor,1,True,False,
37,37,Antifúngicos,"Miconazol, nitrato",Miconazol,Crème 2% vaginal,Farmácia Bom Pastor/ UBS,Farmácia Bom Pastor | UBS Hercílio Luz | UBS Morro dos Conventos | UBS Jardim das Avenidas | UBS Coloninha | UBS Urussanguinha | UBS Vila São José | UBS Cidade Alta | UBS Divinéia | UBS Mato Alto | UBS Lagoão | UBS Jardim Cibele | UBS Polícia Rodoviária | UBS Sanga da Areia | UBS Sanga da Toca,15,True,True,
38,38,Antifúngicos,Miconazol. nitrato,Miconazol. Nitrato,Loção 2%,Farmácia Bom Pastor,Farmácia Bom Pastor,1,True,False,
39,39,Antifúngicos,Miconazol. nitrato,Miconazol. Nitrato,Gel oral,Farmácia Bom pastor,Farmácia Bom Pastor,1,True,False,
40,40,Antifúngicos,Nistatina,Nistatina,100.000UI/ml suspensão oral frasco,Farmácia Bom Pastor,Farmácia Bom Pastor,1,True,False,
41,41,Antiglaucomatosos,"Timolol, Maleato",Timolol,"0,5% solução oftálmica estéril",Farmácia Bom Pastor,Farmácia Bom Pastor,1,True,False,
42,42,Antigotosos,Alopurinol,Alopurinol,100 mg comprimidos,Farmácia Bom Pastor,Farmácia Bom Pastor,1,True,False,
43,43,Antigotosos,Alopurinol,Alopurinol,300 mg comprimidos,Farmácia Bom Pastor,Farmácia Bom Pastor,1,True,False,
44,44,Antihistamínicos,Dexclorfeniramina,Dexclorfeniramina,2 mg comprimido,Farmácia Bom Pastor/UBS,Farmácia Bom Pastor | UBS Hercílio Luz | UBS Morro dos Conventos | UBS Jardim das Avenidas | UBS Coloninha | UBS Urussanguinha | UBS Vila São José | UBS Cidade Alta | UBS Divinéia | UBS Mato Alto | UBS Lagoão | UBS Jardim Cibele | UBS Polícia Rodoviária | UBS Sanga da Areia | UBS Sanga da Toca,15,True,True,
45,45,Antihistamínicos,Dexclorfeniramina,Dexclorfeniramina,"0,4 mg/ml",Farmácia Bom Pastor/UBS,Farmácia Bom Pastor | UBS Hercílio Luz | UBS Morro dos Conventos | UBS Jardim das Avenidas | UBS Coloninha | UBS Urussanguinha | UBS Vila São José | UBS Cidade Alta | UBS Divinéia | UBS Mato Alto | UBS Lagoão | UBS Jardim Cibele | UBS Polícia Rodoviária | UBS Sanga da Areia | UBS Sanga da Toca,15,True,True,
46,46,Antihistamínicos,Loratadina,Loratadina,10 mg comprimido,Farmácia Bom Pastor/ UBS,Farmácia Bom Pastor | UBS Hercílio Luz | UBS Morro dos Conventos | UBS Jardim das Avenidas | UBS Coloninha | UBS Urussanguinha | UBS Vila São José | UBS Cidade Alta | UBS Divinéia | UBS Mato Alto | UBS Lagoão | UBS Jardim Cibele | UBS Polícia Rodoviária | UBS Sanga da Areia | UBS Sanga da Toca,15,True,True,
47,47,Antihistamínicos,Loratadina,Loratadina,1 mg/ml xarope frasco,Farmácia Bom Pastor/ UBS,Farmácia Bom Pastor | UBS Hercílio Luz | UBS Morro dos Conventos | UBS Jardim das Avenidas | UBS Coloninha | UBS Urussanguinha | UBS Vila São José | UBS Cidade Alta | UBS Divinéia | UBS Mato Alto | UBS Lagoão | UBS Jardim Cibele | UBS Polícia Rodoviária | UBS Sanga da Areia | UBS Sanga da Toca,15,True,True,
48,48,Antihistamínicos,"Prometazina, cloridrato",Prometazina,25 mg comprimido,Farmácia Bom Pastor,Farmácia Bom Pastor,1,True,False,
49,49,Antihistamínicos,"Prometazina, cloridrato",Prometazina,25 mg/ml ampola,Farmácia Bom Pastor,Farmácia Bom Pastor,1,True,False,
50,50,Anti-inflamatórios,Ibuprofeno,Ibuprofeno,300 mg comprimido,Farmácia Bom Pastor/ UBS,Farmácia Bom Pastor | UBS Hercílio Luz | UBS Morro dos Conventos | UBS Jardim das Avenidas | UBS Coloninha | UBS Urussanguinha | UBS Vila São José | UBS Cidade Alta | UBS Divinéia | UBS Mato Alto | UBS Lagoão | UBS Jardim Cibele | UBS Polícia Rodoviária | UBS Sanga da Areia | UBS Sanga da Toca,15,True,True,
51,51,Anti-inflamatórios,Ibuprofeno,Ibuprofeno,600 mg comprimido,Farmácia Bom Pastor/ UBS,Farmácia Bom Pastor | UBS Hercílio Luz | UBS Morro dos Conventos | UBS Jardim das Avenidas | UBS Coloninha | UBS Urussanguinha | UBS Vila São José | UBS Cidade Alta | UBS Divinéia | UBS Mato Alto | UBS Lagoão | UBS Jardim Cibele | UBS Polícia Rodoviária | UBS Sanga da Areia | UBS Sanga da Toca,15,True,True,
52,52,Anti-inflamatórios,Ibuprofeno,Ibuprofeno,50mg/ml Suspensão Oral 30ml,Farmácia Bom Pastor/ UBS,Farmácia Bom Pastor | UBS Hercílio Luz | UBS Morro dos Conventos | UBS Jardim das Avenidas | UBS Coloninha | UBS Urussanguinha | UBS Vila São José | UBS Cidade Alta | UBS Divinéia | UBS Mato Alto | UBS Lagoão | UBS Jardim Cibele | UBS Polícia Rodoviária | UBS Sanga da Areia | UBS Sanga da Toca,15,True,True,
53,53,Antiparasitários,Albendazol,Albendazol,400 mg comprimido mastigável,Farmácia Bom Pastor/ UBS,Farmácia Bom Pastor | UBS Hercílio Luz | UBS Morro dos Conventos | UBS Jardim das Avenidas | UBS Coloninha | UBS Urussanguinha | UBS Vila São José | UBS Cidade Alta | UBS Divinéia | UBS Mato Alto | UBS Lagoão | UBS Jardim Cibele | UBS Polícia Rodoviária | UBS Sanga da Areia | UBS Sanga da Toca,15,True,True,
54,54,Antiparasitários,Albendazol,Albendazol,40 mg/ml suspensão oral frasco,Farmácia Bom Pastor/ UBS,Farmácia Bom Pastor | UBS Hercílio Luz | UBS Morro dos Conventos | UBS Jardim das Avenidas | UBS Coloninha | UBS Urussanguinha | UBS Vila São José | UBS Cidade Alta | UBS Divinéia | UBS Mato Alto | UBS Lagoão | UBS Jardim Cibele | UBS Polícia Rodoviária | UBS Sanga da Areia | UBS Sanga da Toca,15,True,True,
55,55,Antiparasitários,Ivermectina,Ivermectina,6 mg comprimido,Farmácia Bom Pastor/ UBS,Farmácia Bom Pastor | UBS Hercílio Luz | UBS Morro dos Conventos | UBS Jardim das Avenidas | UBS Coloninha | UBS Urussanguinha | UBS Vila São José | UBS Cidade Alta | UBS Divinéia | UBS Mato Alto | UBS Lagoão | UBS Jardim Cibele | UBS Polícia Rodoviária | UBS Sanga da Areia | UBS Sanga da Toca,15,True,True,
56,56,Antiparasitários,Permetrina,Permetrina,Loção 1% frasco,Farmácia Bom Pastor/ UBS,Farmácia Bom Pastor | UBS Hercílio Luz | UBS Morro dos Conventos | UBS Jardim das Avenidas | UBS Coloninha | UBS Urussanguinha | UBS Vila São José | UBS Cidade Alta | UBS Divinéia | UBS Mato Alto | UBS Lagoão | UBS Jardim Cibele | UBS Polícia Rodoviária | UBS Sanga da Areia | UBS Sanga da Toca,15,True,True,
57,57,Antiparasitários,Permetrina,Permetrina,Loção 5% frasco,Farmácia Bom Pastor/ UBS,Farmácia Bom Pastor | UBS Hercílio Luz | UBS Morro dos Conventos | UBS Jardim das Avenidas | UBS Coloninha | UBS Urussanguinha | UBS Vila São José | UBS Cidade Alta | UBS Divinéia | UBS Mato Alto | UBS Lagoão | UBS Jardim Cibele | UBS Polícia Rodoviária | UBS Sanga da Areia | UBS Sanga da Toca,15,True,True,
58,58,Corticosteróides,Acetato betametasona + Fosfato dissódico betametasona,Acetato Betametasona + Fosfato Dissódico Betametasona,3mg/ml+3mg/ml Suspensão Injetável,Farmácia Bom Pastor,Farmácia Bom Pastor,1,True,False,
59,59,Corticosteróides,Acetato hidrocortisona,Acetato Hidrocortisona,10mg/g(1%) Creme,Farmácia Bom Pastor,Farmácia Bom Pastor,1,True,False,
60,60,Corticosteróides,Dexametasona,Dexametasona,1mg/g creme bisnaga,Farmácia Bom Pastor/ UBS,Farmácia Bom Pastor | UBS Hercílio Luz | UBS Morro dos Conventos | UBS Jardim das Avenidas | UBS Coloninha | UBS Urussanguinha | UBS Vila São José | UBS Cidade Alta | UBS Divinéia | UBS Mato Alto | UBS Lagoão | UBS Jardim Cibele | UBS Polícia Rodoviária | UBS Sanga da Areia | UBS Sanga da Toca,15,True,True,
61,61,Corticosteróides,Dexametasona,Dexametasona,"1mg/g pomada oftálmica(0,1%) Suspensão oftálmica",Farmácia Bom Pastor,Farmácia Bom Pastor,1,True,False,
62,62,Corticosteróides,dexametasona,Dexametasona,"1mg/ml(0,1%)",Farmácia Bom Pastor,Farmácia Bom Pastor,1,True,False,
63,63,Corticosteróides,Dexametasona,Dexametasona,4mg comprimido,Farmácia Bom Pastor,Farmácia Bom Pastor,1,True,False,
64,64,Corticosteróides,Dexametasona,Dexametasona,"0,1mg/ml elexir",Farmácia Bom Pastor,Farmácia Bom Pastor,1,True,False,
65,59,Corticosteróides,Prednisona,Prednisona,20mg comprimido,Farmácia Bom Pastor/ UBS,Farmácia Bom Pastor | UBS Hercílio Luz | UBS Morro dos Conventos | UBS Jardim das Avenidas | UBS Coloninha | UBS Urussanguinha | UBS Vila São José | UBS Cidade Alta | UBS Divinéia | UBS Mato Alto | UBS Lagoão | UBS Jardim Cibele | UBS Polícia Rodoviária | UBS Sanga da Areia | UBS Sanga da Toca,15,True,True,
66,65,Corticosteróides,Prednisona,Prednisona,5mg comprimido,Farmácia Bom Pastor/ UBS,Farmácia Bom Pastor | UBS Hercílio Luz | UBS Morro dos Conventos | UBS Jardim das Avenidas | UBS Coloninha | UBS Urussanguinha | UBS Vila São José | UBS Cidade Alta | UBS Divinéia | UBS Mato Alto | UBS Lagoão | UBS Jardim Cibele | UBS Polícia Rodoviária | UBS Sanga da Areia | UBS Sanga da Toca,15,True,True,
67,66,Corticosteróides,"Prednisolona, fosfato sódico",Prednisolona,1mg/ml solução oral,Farmácia Bom Pastor/ UBS,Farmácia Bom Pastor | UBS Hercílio Luz | UBS Morro dos Conventos | UBS Jardim das Avenidas | UBS Coloninha | UBS Urussanguinha | UBS Vila São José | UBS Cidade Alta | UBS Divinéia | UBS Mato Alto | UBS Lagoão | UBS Jardim Cibele | UBS Polícia Rodoviária | UBS Sanga da Areia | UBS Sanga da Toca,15,True,True,
68,67,Corticosteróides,"Prednisolona, fosfato sódico",Prednisolona,3mg/ml solução oral,Farmácia Bom Pastor/ UBS,Farmácia Bom Pastor | UBS Hercílio Luz | UBS Morro dos Conventos | UBS Jardim das Avenidas | UBS Coloninha | UBS Urussanguinha | UBS Vila São José | UBS Cidade Alta | UBS Divinéia | UBS Mato Alto | UBS Lagoão | UBS Jardim Cibele | UBS Polícia Rodoviária | UBS Sanga da Areia | UBS Sanga da Toca,15,True,True,
69,68,Corticosteróides,Succinato Sódico Hidrocortisona o,Succinato Sódico Hidrocortisona O,500mg,Farmácia Bom Pastor,Farmácia Bom Pastor,1,True,False,
70,69,Hipolipemiantes,Sinvastatina,Sinvastatina,20 mg comprimido,Farmácia Bom Pastor,Farmácia Bom Pastor,1,True,False,
71,70,Hipolipemiantes,Sinvastatina,Sinvastatina,40mg comprimido,Farmácia Bom Pastor,Farmácia Bom Pastor,1,True,False,
72,71,Hormônio Tireoidiano,Levotiroxina sódio,Levotiroxina Sódio,100mcg comprimido,Farmácia Bom Pastor,Farmácia Bom Pastor,1,True,False,
73,72,Hormônio Tireoidiano,Levotiroxina sódio,Levotiroxina Sódio,50mcg comprimido,Farmácia Bom Pastor,Farmácia Bom Pastor,1,True,False,
74,73,Hormônio Tireoidiano,Levotiroxina sódio,Levotiroxina Sódio,25mcg comprimido,Farmácia Bom Pastor,Farmácia Bom Pastor,1,True,False,
75,74,Insulinas e Antidiabéticos Orais,Gliclazida,Gliclazida,30mg Comprimido liberação prolongada,Farmácia Bom Pastor,Farmácia Bom Pastor,1,True,False,
76,75,Insulinas e Antidiabéticos Orais,Glicazida,Glicazida,60mg comprimido liberação prolongada,Farmácia Bom Pastor,Farmácia Bom Pastor,1,True,False,
77,76,Insulinas e Antidiabéticos Orais,Glicazida,Glicazida,80 mg comprimido,Farmácia Bom Pastor,Farmácia Bom Pastor,1,True,False,
78,77,Insulinas e Antidiabéticos Orais,Glibenclamida,Glibenclamida,5 mg comprimido,Farmácia Bom Pastor/ UBS,Farmácia Bom Pastor | UBS Hercílio Luz | UBS Morro dos Conventos | UBS Jardim das Avenidas | UBS Coloninha | UBS Urussanguinha | UBS Vila São José | UBS Cidade Alta | UBS Divinéia | UBS Mato Alto | UBS Lagoão | UBS Jardim Cibele | UBS Polícia Rodoviária | UBS Sanga da Areia | UBS Sanga da Toca,15,True,True,
79,78,Insulinas e Antidiabéticos Orais,Insulina NPH,Insulina Nph,100 UI/mL suspensão injetável frasco,Farmácia Bom Pastor,Farmácia Bom Pastor,1,True,False,
80,79,Insulinas e Antidiabéticos Orais,Insulina Regular,Insulina Regular,100 UI/mL suspensão injetável frasco,Farmácia Bom Pastor,Farmácia Bom Pastor,1,True,False,
81,80,Insulinas e Antidiabéticos Orais,"Metformina, cloridrato",Metformina,500 mg comprimido,Farmácia Bom Pastor/ UBS,Farmácia Bom Pastor | UBS Hercílio Luz | UBS Morro dos Conventos | UBS Jardim das Avenidas | UBS Coloninha | UBS Urussanguinha | UBS Vila São José | UBS Cidade Alta | UBS Divinéia | UBS Mato Alto | UBS Lagoão | UBS Jardim Cibele | UBS Polícia Rodoviária | UBS Sanga da Areia | UBS Sanga da Toca,15,True,True,
82,81,Insulinas e Antidiabéticos Orais,"Metformina, cloridrato",Metformina,850 mg comprimido,Farmácia Bom Pastor/ UBS,Farmácia Bom Pastor | UBS Hercílio Luz | UBS Morro dos Conventos | UBS Jardim das Avenidas | UBS Coloninha | UBS Urussanguinha | UBS Vila São José | UBS Cidade Alta | UBS Divinéia | UBS Mato Alto | UBS Lagoão | UBS Jardim Cibele | UBS Polícia Rodoviária | UBS Sanga da Areia | UBS Sanga da Toca,15,True,True,
83,82,Laxativos,Glicerol,Glicerol,72 mg supositório,Farmácia Bom Pastor,Farmácia Bom Pastor,1,True,False,
84,83,Laxativos,Lactulose,Lactulose,667mg/ml xarope,Farmácia Bom Pastor,Farmácia Bom Pastor,1,True,False,
85,84,Laxativos,Óleo mineral,Óleo Mineral,frasco,Farmácia Bom Pastor,Farmácia Bom Pastor,1,True,False,
86,85,Medicamentos que Atuam sobre o Sistema Cardiovascular,Ácido acetilsalicílico,Ácido Acetilsalicílico,100 mg comprimido,Farmácia Bom Pastor/ UBS,Farmácia Bom Pastor | UBS Hercílio Luz | UBS Morro dos Conventos | UBS Jardim das Avenidas | UBS Coloninha | UBS Urussanguinha | UBS Vila São José | UBS Cidade Alta | UBS Divinéia | UBS Mato Alto | UBS Lagoão | UBS Jardim Cibele | UBS Polícia Rodoviária | UBS Sanga da Areia | UBS Sanga da Toca,15,True,True,
87,86,Medicamentos que Atuam sobre o Sistema Cardiovascular,Amiodarona,Amiodarona,200 mg comprimido,Farmácia Bom Pastor,Farmácia Bom Pastor,1,True,False,
88,87,Medicamentos que Atuam sobre o Sistema Cardiovascular,"Anlodipino, besilato Anlodipino,",Anlodipino,10 mg comprimido 5 mg comprimido,Farmácia Bom Pastor/ UBS Farmácia Bom Pastor/,Farmácia Bom Pastor | UBS Hercílio Luz | UBS Morro dos Conventos | UBS Jardim das Avenidas | UBS Coloninha | UBS Urussanguinha | UBS Vila São José | UBS Cidade Alta | UBS Divinéia | UBS Mato Alto | UBS Lagoão | UBS Jardim Cibele | UBS Polícia Rodoviária | UBS Sanga da Areia | UBS Sanga da Toca,15,True,True,
89,88,Medicamentos que Atuam sobre o Sistema Cardiovascular,besilato,Besilato,,UBS,UBS Hercílio Luz | UBS Morro dos Conventos | UBS Jardim das Avenidas | UBS Coloninha | UBS Urussanguinha | UBS Vila São José | UBS Cidade Alta | UBS Divinéia | UBS Mato Alto | UBS Lagoão | UBS Jardim Cibele | UBS Polícia Rodoviária | UBS Sanga da Areia | UBS Sanga da Toca,14,False,True,
90,89,Medicamentos que Atuam sobre o Sistema Cardiovascular,Atenolol,Atenolol,50 mg comprimido,Farmácia Bom Pastor/ UBS,Farmácia Bom Pastor | UBS Hercílio Luz | UBS Morro dos Conventos | UBS Jardim das Avenidas | UBS Coloninha | UBS Urussanguinha | UBS Vila São José | UBS Cidade Alta | UBS Divinéia | UBS Mato Alto | UBS Lagoão | UBS Jardim Cibele | UBS Polícia Rodoviária | UBS Sanga da Areia | UBS Sanga da Toca,15,True,True,
91,90,Medicamentos que Atuam sobre o Sistema Cardiovascular,Atenolol,Atenolol,100 mg comprimido,Farmácia Bom Pastor/ UBS,Farmácia Bom Pastor | UBS Hercílio Luz | UBS Morro dos Conventos | UBS Jardim das Avenidas | UBS Coloninha | UBS Urussanguinha | UBS Vila São José | UBS Cidade Alta | UBS Divinéia | UBS Mato Alto | UBS Lagoão | UBS Jardim Cibele | UBS Polícia Rodoviária | UBS Sanga da Areia | UBS Sanga da Toca,15,True,True,
92,91,Medicamentos que Atuam sobre o Sistema Cardiovascular,Captopril,Captopril,25 mg comprimido,Farmácia Bom Pastor/ UBS,Farmácia Bom Pastor | UBS Hercílio Luz | UBS Morro dos Conventos | UBS Jardim das Avenidas | UBS Coloninha | UBS Urussanguinha | UBS Vila São José | UBS Cidade Alta | UBS Divinéia | UBS Mato Alto | UBS Lagoão | UBS Jardim Cibele | UBS Polícia Rodoviária | UBS Sanga da Areia | UBS Sanga da Toca,15,True,True,
93,92,Medicamentos que Atuam sobre o Sistema Cardiovascular,Carvedilol,Carvedilol,"3,125 mg",Farmácia Bom Pastor,Farmácia Bom Pastor,1,True,False,
94,93,Medicamentos que Atuam sobre o Sistema Cardiovascular,Carvedilol,Carvedilol,"6,25 mg",Farmácia Bom Pastor,Farmácia Bom Pastor,1,True,False,
95,94,Medicamentos que Atuam sobre o Sistema Cardiovascular,Carvedilol,Carvedilol,"12,5 mg",Farmácia Bom Pastor,Farmácia Bom Pastor,1,True,False,
96,95,Medicamentos que Atuam sobre o Sistema Cardiovascular,Carvedilol,Carvedilol,25 mg,Farmácia Bom Pastor,Farmácia Bom Pastor,1,True,False,
97,96,Medicamentos que Atuam sobre o Sistema Cardiovascular,"Clopidogrel,** bissulfato",Clopidogrel,75 mg comprimido,Farmácia Bom Pastor,Farmácia Bom Pastor,1,True,False,
98,97,Medicamentos que Atuam sobre o Sistema Cardiovascular,Digoxina,Digoxina,"0,25 mg comprimido",Farmácia Bom Pastor/ UBS,Farmácia Bom Pastor | UBS Hercílio Luz | UBS Morro dos Conventos | UBS Jardim das Avenidas | UBS Coloninha | UBS Urussanguinha | UBS Vila São José | UBS Cidade Alta | UBS Divinéia | UBS Mato Alto | UBS Lagoão | UBS Jardim Cibele | UBS Polícia Rodoviária | UBS Sanga da Areia | UBS Sanga da Toca,15,True,True,
99,98,Medicamentos que Atuam sobre o Sistema Cardiovascular,Enalapril. maleato,Enalapril. Maleato,5 mg comprimido,Farmácia Bom Pastor/ UBS,Farmácia Bom Pastor | UBS Hercílio Luz | UBS Morro dos Conventos | UBS Jardim das Avenidas | UBS Coloninha | UBS Urussanguinha | UBS Vila São José | UBS Cidade Alta | UBS Divinéia | UBS Mato Alto | UBS Lagoão | UBS Jardim Cibele | UBS Polícia Rodoviária | UBS Sanga da Areia | UBS Sanga da Toca,15,True,True,
100,99,Medicamentos que Atuam sobre o Sistema Cardiovascular,"Enalapril, maleato",Enalapril,10 mg comprimido,Farmácia Bom Pastor/ UBS,Farmácia Bom Pastor | UBS Hercílio Luz | UBS Morro dos Conventos | UBS Jardim das Avenidas | UBS Coloninha | UBS Urussanguinha | UBS Vila São José | UBS Cidade Alta | UBS Divinéia | UBS Mato Alto | UBS Lagoão | UBS Jardim Cibele | UBS Polícia Rodoviária | UBS Sanga da Areia | UBS Sanga da Toca,15,True,True,
101,100,Medicamentos que Atuam sobre o Sistema Cardiovascular,"Enalapril, maleato",Enalapril,20 mg comprimido,Farmácia Bom Pastor/ UBs,Farmácia Bom Pastor | UBS Hercílio Luz | UBS Morro dos Conventos | UBS Jardim das Avenidas | UBS Coloninha | UBS Urussanguinha | UBS Vila São José | UBS Cidade Alta | UBS Divinéia | UBS Mato Alto | UBS Lagoão | UBS Jardim Cibele | UBS Polícia Rodoviária | UBS Sanga da Areia | UBS Sanga da Toca,15,True,True,
102,101,Medicamentos que Atuam sobre o Sistema Cardiovascular,Epinefrina,Epinefrina,1mg/ml,Farmácia Bom Pastor/ UBS,Farmácia Bom Pastor | UBS Hercílio Luz | UBS Morro dos Conventos | UBS Jardim das Avenidas | UBS Coloninha | UBS Urussanguinha | UBS Vila São José | UBS Cidade Alta | UBS Divinéia | UBS Mato Alto | UBS Lagoão | UBS Jardim Cibele | UBS Polícia Rodoviária | UBS Sanga da Areia | UBS Sanga da Toca,15,True,True,
103,102,Medicamentos que Atuam sobre o Sistema Cardiovascular,Espironolacto na,Espironolacto Na,25 mg comprimido,Farmácia Bom Pastor,Farmácia Bom Pastor,1,True,False,
104,103,Medicamentos que Atuam sobre o Sistema Cardiovascular,Furosemida,Furosemida,40 mg comprimido,Farmácia Bom Pastor/ UBS,Farmácia Bom Pastor | UBS Hercílio Luz | UBS Morro dos Conventos | UBS Jardim das Avenidas | UBS Coloninha | UBS Urussanguinha | UBS Vila São José | UBS Cidade Alta | UBS Divinéia | UBS Mato Alto | UBS Lagoão | UBS Jardim Cibele | UBS Polícia Rodoviária | UBS Sanga da Areia | UBS Sanga da Toca,15,True,True,
105,104,Medicamentos que Atuam sobre o Sistema Cardiovascular,Heparina Sódica,Heparina Sódica,"5.000UI/0,25ml",Farmácia Bom Pastor,Farmácia Bom Pastor,1,True,False,
106,105,Medicamentos que Atuam sobre o Sistema Cardiovascular,Hidralazina,Hidralazina,25 g comprimido,Farmácia Bom Pastor,Farmácia Bom Pastor,1,True,False,
107,106,Medicamentos que Atuam sobre o Sistema Cardiovascular,Hidroclorotiazi da,Hidroclorotiazi Da,25 mg comprimido,Farmácia Bom Pastor/ UBS,Farmácia Bom Pastor | UBS Hercílio Luz | UBS Morro dos Conventos | UBS Jardim das Avenidas | UBS Coloninha | UBS Urussanguinha | UBS Vila São José | UBS Cidade Alta | UBS Divinéia | UBS Mato Alto | UBS Lagoão | UBS Jardim Cibele | UBS Polícia Rodoviária | UBS Sanga da Areia | UBS Sanga da Toca,15,True,True,
108,107,Medicamentos que Atuam sobre o Sistema Cardiovascular,"Isossorbida, mononitrato",Isossorbida,20mg comprimido,Farmácia Bom Pastor,Farmácia Bom Pastor,1,True,False,
109,108,Medicamentos que Atuam sobre o Sistema Cardiovascular,"Isossorbida, mononitrato",Isossorbida,40 mg comprimido,Farmácia Bom Pastor,Farmácia Bom Pastor,1,True,False,
110,109,Medicamentos que Atuam sobre o Sistema Cardiovascular,"Isossorbida, dinitrato",Isossorbida,5 mg comprimido sublingual,Farmácia Bom Pastor/ UBS,Farmácia Bom Pastor | UBS Hercílio Luz | UBS Morro dos Conventos | UBS Jardim das Avenidas | UBS Coloninha | UBS Urussanguinha | UBS Vila São José | UBS Cidade Alta | UBS Divinéia | UBS Mato Alto | UBS Lagoão | UBS Jardim Cibele | UBS Polícia Rodoviária | UBS Sanga da Areia | UBS Sanga da Toca,15,True,True,
111,110,Medicamentos que Atuam sobre o Sistema Cardiovascular,Losartana potássica,Losartana Potássica,50 mg comprimido,Farmácia Bom Pastor,Farmácia Bom Pastor,1,True,False,
112,111,Medicamentos que Atuam sobre o Sistema Cardiovascular,Metildopa,Metildopa,250 mg comprimido,Farmácia Bom Pastor,Farmácia Bom Pastor,1,True,False,
113,112,Medicamentos que Atuam sobre o Sistema Cardiovascular,"Metoprolol, Succinato",Metoprolol,25 mg comprimido,Farmácia Bom Pastor,Farmácia Bom Pastor,1,True,False,
114,113,Medicamentos que Atuam sobre o Sistema Cardiovascular,"Metoprolol, Suc.",Metoprolol,50 mg comprimido,Farmácia Bom Pastor,Farmácia Bom Pastor,1,True,False,
115,114,Medicamentos que Atuam sobre o Sistema Cardiovascular,"Metoprolol, Tartarato",Metoprolol,100 mg comprimido,Farmácia Bom Pastor,Farmácia Bom Pastor,1,True,False,
116,115,Medicamentos que Atuam sobre o Sistema Cardiovascular,Nifedipino,Nifedipino,10 g comprimido,Farmácia Bom Pastor/ UBS,Farmácia Bom Pastor | UBS Hercílio Luz | UBS Morro dos Conventos | UBS Jardim das Avenidas | UBS Coloninha | UBS Urussanguinha | UBS Vila São José | UBS Cidade Alta | UBS Divinéia | UBS Mato Alto | UBS Lagoão | UBS Jardim Cibele | UBS Polícia Rodoviária | UBS Sanga da Areia | UBS Sanga da Toca,15,True,True,
117,116,Medicamentos que Atuam sobre o Sistema Cardiovascular,"Propranolol, cloridrato",Propranolol,40 mg comprimido,Farmácia Bom Pastor/ UBS,Farmácia Bom Pastor | UBS Hercílio Luz | UBS Morro dos Conventos | UBS Jardim das Avenidas | UBS Coloninha | UBS Urussanguinha | UBS Vila São José | UBS Cidade Alta | UBS Divinéia | UBS Mato Alto | UBS Lagoão | UBS Jardim Cibele | UBS Polícia Rodoviária | UBS Sanga da Areia | UBS Sanga da Toca,15,True,True,
118,117,Medicamentos que Atuam sobre o Sistema Cardiovascular,"Verapamil, cloridrato",Verapamil,80 mg comprimido,Farmácia Bom Pastor,Farmácia Bom Pastor,1,True,False,
119,118,Medicamentos que Atuam sobre o Sistema Digestivo,Hidróxido Alumínio,Hidróxido Alumínio,"suspensão oral 61,5mg/ml",Farmácia Bom Pastor/ UBS,Farmácia Bom Pastor | UBS Hercílio Luz | UBS Morro dos Conventos | UBS Jardim das Avenidas | UBS Coloninha | UBS Urussanguinha | UBS Vila São José | UBS Cidade Alta | UBS Divinéia | UBS Mato Alto | UBS Lagoão | UBS Jardim Cibele | UBS Polícia Rodoviária | UBS Sanga da Areia | UBS Sanga da Toca,15,True,True,
120,119,Medicamentos que Atuam sobre o Sistema Digestivo,Hidróxido Alumínio,Hidróxido Alumínio,Comprimido mastigável 300mg,Farmácia Bom Pastor,Farmácia Bom Pastor,1,True,False,
121,120,Medicamentos que Atuam sobre o Sistema Digestivo,"Metoclopramida , cloridrato",Metoclopramida,4 mg/ml solução oral gotas frasco,Farmácia Bom Pastor/ UBS,Farmácia Bom Pastor | UBS Hercílio Luz | UBS Morro dos Conventos | UBS Jardim das Avenidas | UBS Coloninha | UBS Urussanguinha | UBS Vila São José | UBS Cidade Alta | UBS Divinéia | UBS Mato Alto | UBS Lagoão | UBS Jardim Cibele | UBS Polícia Rodoviária | UBS Sanga da Areia | UBS Sanga da Toca,15,True,True,
122,121,Medicamentos que Atuam sobre o Sistema Digestivo,"Metoclopramida , cloridrato",Metoclopramida,10 mg comprimido,Farmácia Bom Pastor/ UBS,Farmácia Bom Pastor | UBS Hercílio Luz | UBS Morro dos Conventos | UBS Jardim das Avenidas | UBS Coloninha | UBS Urussanguinha | UBS Vila São José | UBS Cidade Alta | UBS Divinéia | UBS Mato Alto | UBS Lagoão | UBS Jardim Cibele | UBS Polícia Rodoviária | UBS Sanga da Areia | UBS Sanga da Toca,15,True,True,
123,122,Medicamentos que Atuam sobre o Sistema Digestivo,"Metoclopramida , cloridrato",Metoclopramida,Solução injetável 5 mg/ml,Farmácia Bom Pastor/ UBS,Farmácia Bom Pastor | UBS Hercílio Luz | UBS Morro dos Conventos | UBS Jardim das Avenidas | UBS Coloninha | UBS Urussanguinha | UBS Vila São José | UBS Cidade Alta | UBS Divinéia | UBS Mato Alto | UBS Lagoão | UBS Jardim Cibele | UBS Polícia Rodoviária | UBS Sanga da Areia | UBS Sanga da Toca,15,True,True,
124,123,Medicamentos que Atuam sobre o Sistema Digestivo,Omeprazol,Omeprazol,20 mg cápsula,Farmácia Bom Pastor/ UBS,Farmácia Bom Pastor | UBS Hercílio Luz | UBS Morro dos Conventos | UBS Jardim das Avenidas | UBS Coloninha | UBS Urussanguinha | UBS Vila São José | UBS Cidade Alta | UBS Divinéia | UBS Mato Alto | UBS Lagoão | UBS Jardim Cibele | UBS Polícia Rodoviária | UBS Sanga da Areia | UBS Sanga da Toca,15,True,True,
125,124,Medicamentos que Atuam sobre o Sistema Digestivo,Ondansetrona,Ondansetrona,8mg comprimido orodispersível,Farmácia Bom Pastor,Farmácia Bom Pastor,1,True,False,
126,125,Medicamentos que Atuam sobre o Sistema Digestivo,"Ranitidina, cloridrato",Ranitidina,150 mg comprimido revestido,Farmácia Bom Pastor/ UBS,Farmácia Bom Pastor | UBS Hercílio Luz | UBS Morro dos Conventos | UBS Jardim das Avenidas | UBS Coloninha | UBS Urussanguinha | UBS Vila São José | UBS Cidade Alta | UBS Divinéia | UBS Mato Alto | UBS Lagoão | UBS Jardim Cibele | UBS Polícia Rodoviária | UBS Sanga da Areia | UBS Sanga da Toca,15,True,True,
127,126,Medicamentos que Atuam sobre o Sistema Nervoso Central,Ácido Valpróico,Ácido Valpróico,250 mg comprimido,Farmácia Bom Pastor (Port nº 344/98 - Receita Controle Especial – Lista C1),Farmácia Bom Pastor,1,True,False,(Port nº 344/98 - Receita Controle Especial – Lista C1)
128,127,Medicamentos que Atuam sobre o Sistema Nervoso Central,Ácido Valpróico,Ácido Valpróico,50 mg/ml xarope frasco 100ml,Farmácia Bom Pastor (Port nº 344/98 - Receita Controle Especial – Lista C1),Farmácia Bom Pastor,1,True,False,(Port nº 344/98 - Receita Controle Especial – Lista C1)
129,128,Medicamentos que Atuam sobre o Sistema Nervoso Central,Amitriptilina,Amitriptilina,25 mg comprimido,Farmácia Bom Pastor (Port nº 344/98 - Receita Controle Especial – Lista C1),Farmácia Bom Pastor,1,True,False,(Port nº 344/98 - Receita Controle Especial – Lista C1)
130,129,Medicamentos que Atuam sobre o Sistema Nervoso Central,"Biperideno, cloridrato",Biperideno,2 mg comprimido,Farmácia Bom Pastor (Port nº 344/98 - Receita,Farmácia Bom Pastor,1,True,False,
131,130,Medicamentos que Atuam sobre o Sistema Nervoso Central,Carbamazepina,Carbamazepina,20 mg/ml suspensão oral frasco 100ml,Farmácia Bom Pastor (Port nº 344/98 - Receita Controle Especial – Lista C1),Farmácia Bom Pastor,1,True,False,(Port nº 344/98 - Receita Controle Especial – Lista C1)
132,131,Medicamentos que Atuam sobre o Sistema Nervoso Central,Carbamazepina,Carbamazepina,200 mg comprimido,Farmácia Bom Pastor (Port nº 344/98 - Receita Controle Especial – Lista C1),Farmácia Bom Pastor,1,True,False,(Port nº 344/98 - Receita Controle Especial – Lista C1)
133,132,Medicamentos que Atuam sobre o Sistema Nervoso Central,"Clomipramina , cloridrato",Clomipramina,25 mg comprimido,Farmácia Bom Pastor (Port nº 344/98 - Receita Controle Especial – Lista C1),Farmácia Bom Pastor,1,True,False,(Port nº 344/98 - Receita Controle Especial – Lista C1)
134,133,Medicamentos que Atuam sobre o Sistema Nervoso Central,Clonazepam,Clonazepam,"2,5 mg/ml frasco",Farmácia Bom Pastor (Port nº 344/98 - Receita Controle Especial – Lista B1),Farmácia Bom Pastor,1,True,False,(Port nº 344/98 - Receita Controle Especial – Lista B1)
135,134,Medicamentos que Atuam sobre o Sistema Nervoso Central,"Clorpromazina, cloridrato",Clorpromazina,100 mg comprimido,Farmácia Bom Pastor (Port nº 344/98 - Receita Controle Especial – Lista C1),Farmácia Bom Pastor,1,True,False,(Port nº 344/98 - Receita Controle Especial – Lista C1)
136,135,Medicamentos que Atuam sobre o Sistema Nervoso Central,"Clorpromazina, cloridrato",Clorpromazina,25 mg comprimido,Farmácia Bom Pastor (Port nº 344/98 - Receita Controle Especial – Lista C1),Farmácia Bom Pastor,1,True,False,(Port nº 344/98 - Receita Controle Especial – Lista C1)
137,136,Medicamentos que Atuam sobre o Sistema Nervoso Central,"Clorpromazina, cloridrato",Clorpromazina,40 mg/ml solução oral,Farmácia Bom Pastor (Port nº 344/98 - Receita Controle Especial – Lista C1),Farmácia Bom Pastor,1,True,False,(Port nº 344/98 - Receita Controle Especial – Lista C1)
138,137,Medicamentos que Atuam sobre o Sistema Nervoso Central,Diazepam,Diazepam,5 mg comprimido,Farmácia Bom Pastor (Port nº 344/98 – Notificação Receita B – Lista B1),Farmácia Bom Pastor,1,True,False,(Port nº 344/98 – Notificação Receita B – Lista B1)
139,138,Medicamentos que Atuam sobre o Sistema Nervoso Central,Fenitoína,Fenitoína,25 mg/ml suspensão oral,Farmácia Bom Pastor (Port nº 344/98 - Receita Controle Especial – Lista C1),Farmácia Bom Pastor,1,True,False,(Port nº 344/98 - Receita Controle Especial – Lista C1)
140,139,Medicamentos que Atuam sobre o Sistema Nervoso Central,Fenobarbital,Fenobarbital,40 mg/ml solução oral gotas frasco 20ml,Farmácia Bom Pastor (Port nº 344/98 – Notificação Receita B – Lista C1),Farmácia Bom Pastor,1,True,False,(Port nº 344/98 – Notificação Receita B – Lista C1)
141,140,Medicamentos que Atuam sobre o Sistema Nervoso Central,Fenobarbital,Fenobarbital,100 mg comprimido,Farmácia Bom Pastor (Port nº 344/98 – Notificação Receita B – Lista C1),Farmácia Bom Pastor,1,True,False,(Port nº 344/98 – Notificação Receita B – Lista C1)
142,141,Medicamentos que Atuam sobre o Sistema Nervoso Central,"Fluoxetina, cloridrato",Fluoxetina,20 mg cápsula,Farmácia Bom Pastor (Port nº 344/98 - Receita Controle C1),Farmácia Bom Pastor,1,True,False,(Port nº 344/98 - Receita Controle C1)
143,142,Medicamentos que Atuam sobre o Sistema Nervoso Central,Haloperidol,Haloperidol,5 mg comprimido,Farmácia Bom Pastor (Port nº 344/98 - Receita Controle Especial – Lista C1),Farmácia Bom Pastor,1,True,False,(Port nº 344/98 - Receita Controle Especial – Lista C1)
144,143,Medicamentos que Atuam sobre o Sistema Nervoso Central,Haloperidol,Haloperidol,2 mg/ml solução oral,Farmácia Bom Pastor (Port nº 344/98 - Receita Controle Especial – Lista C1),Farmácia Bom Pastor,1,True,False,(Port nº 344/98 - Receita Controle Especial – Lista C1)
145,144,Medicamentos que Atuam sobre o Sistema Nervoso Central,"Lítio, carbonato",Lítio,300 mg comprimido,Farmácia Bom Pastor (Port nº 344/98 - Receita Controle Especial – Lista C1),Farmácia Bom Pastor,1,True,False,(Port nº 344/98 - Receita Controle Especial – Lista C1)
146,145,Medicamentos que Atuam sobre o Sistema Nervoso Central,"Nortriptilina, cloridrato",Nortriptilina,25 mg comprimido,Farmácia Bom Pastor (Port nº 344/98 - Receita Controle Especial – Lista C1),Farmácia Bom Pastor,1,True,False,(Port nº 344/98 - Receita Controle Especial – Lista C1)
147,146,Medicamentos que Atuam sobre o Sistema Nervoso Central,Levodopa + Carbidopa,Levodopa + Carbidopa,250/25 mg comprimido,Farmácia Bom Pastor,Farmácia Bom Pastor,1,True,False,
148,147,Medicamentos que Atuam sobre o Sistema Nervoso Central,Levodopa + Benserazida,Levodopa + Benserazida,200/50 mg comprimido,Farmácia Bom Pastor,Farmácia Bom Pastor,1,True,False,
149,148,Medicamentos que Atuam sobre o Sistema Nervoso Central,Levodopa + Benserazida,Levodopa + Benserazida,100/25 mg comprimido,Farmácia Bom Pastor,Farmácia Bom Pastor,1,True,False,
150,149,Medicamentos que Atuam sobre o Sistema Respiratório,"Beclometasona, dipropionato",Beclometasona,50 mcg frasco,Farmácia Bom Pastor,Farmácia Bom Pastor,1,True,False,
151,150,Medicamentos que Atuam sobre o Sistema Respiratório,"Beclometasona, dipropionato",Beclometasona,250 mcg frasco,Farmácia Bom Pastor,Farmácia Bom Pastor,1,True,False,
152,151,Medicamentos que Atuam sobre o Sistema Respiratório,Budesonida,Budesonida,32mcg suspensão para inalação nasal,Farmácia Bom Pastor,Farmácia Bom Pastor,1,True,False,
153,152,Medicamentos que Atuam sobre o Sistema Respiratório,Budesonida,Budesonida,50mcg Suspensão para inalação nasal,Farmácia Bom Pastor,Farmácia Bom Pastor,1,True,False,
154,153,Medicamentos que Atuam sobre o Sistema Respiratório,"Ipratrópio, brometo",Ipratrópio,"0,25 mg/ml solução inalante",Farmácia Bom Pastor,Farmácia Bom Pastor,1,True,False,
155,154,Medicamentos que Atuam sobre o Sistema Respiratório,"Salbutamol, sulfato",Salbutamol,100 mcg aerossol frasco com 200 doses,Farmácia Bom Pastor,Farmácia Bom Pastor,1,True,False,
156,155,Medicamentos que Atuam sobre o Sistema Respiratório,Solução Fisiológica nasal (cloreto sódio),Solução Fisiológica Nasal,"9,0 mg/ml solução nasal frasco",Farmácia Bom Pastor,Farmácia Bom Pastor,1,True,False,
157,156,Medicamentos e Produtos que Atuam no Sistema Reprodutor,Estriol,Estriol,1 mg/g creme vaginal,Farmácia Bom Pastor,Farmácia Bom Pastor,1,True,False,
158,157,Medicamentos e Produtos que Atuam no Sistema Reprodutor,Estrogênio conjugado,Estrogênio Conjugado,"0,3 mg comprimido",Farmácia Bom Pastor,Farmácia Bom Pastor,1,True,False,
159,158,Medicamentos e Produtos que Atuam no Sistema Reprodutor,Estrogênio conjugado,Estrogênio Conjugado,"0,625 mg/g creme vaginal",Farmácia Bom Pastor,Farmácia Bom Pastor,1,True,False,
160,159,Medicamentos e Produtos que Atuam no Sistema Reprodutor,Levonorgestrel,Levonorgestrel,"1,5 mg comprimido",Farmácia Bom Pastor/ UBS,Farmácia Bom Pastor | UBS Hercílio Luz | UBS Morro dos Conventos | UBS Jardim das Avenidas | UBS Coloninha | UBS Urussanguinha | UBS Vila São José | UBS Cidade Alta | UBS Divinéia | UBS Mato Alto | UBS Lagoão | UBS Jardim Cibele | UBS Polícia Rodoviária | UBS Sanga da Areia | UBS Sanga da Toca,15,True,True,
161,160,Medicamentos e Produtos que Atuam no Sistema Reprodutor,Levonorgestrel + etinilestradi ol,Levonorgestrel + Etinilestradi Ol,"0,15 mg +0,03 mg",Farmácia Bom Pastor/ UBS,Farmácia Bom Pastor | UBS Hercílio Luz | UBS Morro dos Conventos | UBS Jardim das Avenidas | UBS Coloninha | UBS Urussanguinha | UBS Vila São José | UBS Cidade Alta | UBS Divinéia | UBS Mato Alto | UBS Lagoão | UBS Jardim Cibele | UBS Polícia Rodoviária | UBS Sanga da Areia | UBS Sanga da Toca,15,True,True,
162,161,Medicamentos e Produtos que Atuam no Sistema Reprodutor,Medroxiprogesterona acetato,Medroxiprogesterona Acetato,150 mg/ml solução injetável,Farmácia Bom Pastor/ UBS,Farmácia Bom Pastor | UBS Hercílio Luz | UBS Morro dos Conventos | UBS Jardim das Avenidas | UBS Coloninha | UBS Urussanguinha | UBS Vila São José | UBS Cidade Alta | UBS Divinéia | UBS Mato Alto | UBS Lagoão | UBS Jardim Cibele | UBS Polícia Rodoviária | UBS Sanga da Areia | UBS Sanga da Toca,15,True,True,
163,162,Medicamentos e Produtos que Atuam no Sistema Reprodutor,"Noretisterona, enantato + estradiol, valerato",Noretisterona,50+5 mg/ml solução injetável,Farmácia Bom Pastor/ UBS,Farmácia Bom Pastor | UBS Hercílio Luz | UBS Morro dos Conventos | UBS Jardim das Avenidas | UBS Coloninha | UBS Urussanguinha | UBS Vila São José | UBS Cidade Alta | UBS Divinéia | UBS Mato Alto | UBS Lagoão | UBS Jardim Cibele | UBS Polícia Rodoviária | UBS Sanga da Areia | UBS Sanga da Toca,15,True,True,
164,163,Medicamentos e Produtos que Atuam no Sistema Reprodutor,Noretisterona,Noretisterona,"0,35 mg comprimido",Farmácia Bom Pastor/ UBS,Farmácia Bom Pastor | UBS Hercílio Luz | UBS Morro dos Conventos | UBS Jardim das Avenidas | UBS Coloninha | UBS Urussanguinha | UBS Vila São José | UBS Cidade Alta | UBS Divinéia | UBS Mato Alto | UBS Lagoão | UBS Jardim Cibele | UBS Polícia Rodoviária | UBS Sanga da Areia | UBS Sanga da Toca,15,True,True,
165,164,Medicamentos Utilizado no Tratamento/Prevenção de Osteoporose,Carbonato cálcio + vitamina D,Carbonato Cálcio + Vitamina D,500mg/400UI comprimidos revestidos,Farmácia Bom Pastor,Farmácia Bom Pastor,1,True,False,
166,165,Medicamentos Utilizado no Tratamento/Prevenção de Osteoporose,Alendronato sódico,Alendronato Sódico,70 mg comprimido,Farmácia Bom Pastor,Farmácia Bom Pastor,1,True,False,
167,166,Vitaminas e Sais Minerais,Ácido fólico,Ácido Fólico,5 mg comprimido revestido,Farmácia Bom Pastor/ UBS,Farmácia Bom Pastor | UBS Hercílio Luz | UBS Morro dos Conventos | UBS Jardim das Avenidas | UBS Coloninha | UBS Urussanguinha | UBS Vila São José | UBS Cidade Alta | UBS Divinéia | UBS Mato Alto | UBS Lagoão | UBS Jardim Cibele | UBS Polícia Rodoviária | UBS Sanga da Areia | UBS Sanga da Toca,15,True,True,
168,167,Vitaminas e Sais Minerais,Ácido Fólico,Ácido Fólico,"0,2mg/ml",Farmácia Bom Pastor/ UBS,Farmácia Bom Pastor | UBS Hercílio Luz | UBS Morro dos Conventos | UBS Jardim das Avenidas | UBS Coloninha | UBS Urussanguinha | UBS Vila São José | UBS Cidade Alta | UBS Divinéia | UBS Mato Alto | UBS Lagoão | UBS Jardim Cibele | UBS Polícia Rodoviária | UBS Sanga da Areia | UBS Sanga da Toca,15,True,True,
169,168,Vitaminas e Sais Minerais,Cálcio carbonato,Cálcio Carbonato,500 mg comprimido,Farmácia Bom Pastor,Farmácia Bom Pastor,1,True,False,
170,169,Vitaminas e Sais Minerais,"Piridoxina, Cloridrato",Piridoxina,40 mg,Farmácia Bom Pastor,Farmácia Bom Pastor,1,True,False,
171,170,Vitaminas e Sais Minerais,Polivitamínico + poliminerais,Polivitamínico + Poliminerais,comprimido,Farmácia Bom Pastor,Farmácia Bom Pastor,1,True,False,
172,171,Vitaminas e Sais Minerais,Sais para Reidratação oral,Sais Para Reidratação Oral,"Pó para solução oral, envelope 27,9 g",Farmácia Bom Pastor/ UBS,Farmácia Bom Pastor | UBS Hercílio Luz | UBS Morro dos Conventos | UBS Jardim das Avenidas | UBS Coloninha | UBS Urussanguinha | UBS Vila São José | UBS Cidade Alta | UBS Divinéia | UBS Mato Alto | UBS Lagoão | UBS Jardim Cibele | UBS Polícia Rodoviária | UBS Sanga da Areia | UBS Sanga da Toca,15,True,True,
173,172,Vitaminas e Sais Minerais,Sulfato Ferroso,Sulfato Ferroso,40 mg comprimido revestido,Farmácia Bom Pastor/ UBS,Farmácia Bom Pastor | UBS Hercílio Luz | UBS Morro dos Conventos | UBS Jardim das Avenidas | UBS Coloninha | UBS Urussanguinha | UBS Vila São José | UBS Cidade Alta | UBS Divinéia | UBS Mato Alto | UBS Lagoão | UBS Jardim Cibele | UBS Polícia Rodoviária | UBS Sanga da Areia | UBS Sanga da Toca,15,True,True,
174,173,Vitaminas e Sais Minerais,Sulfato Ferroso,Sulfato Ferroso,25mg/ml xarope fr,Farmácia Bom Pastor/ UBS,Farmácia Bom Pastor | UBS Hercílio Luz | UBS Morro dos Conventos | UBS Jardim das Avenidas | UBS Coloninha | UBS Urussanguinha | UBS Vila São José | UBS Cidade Alta | UBS Divinéia | UBS Mato Alto | UBS Lagoão | UBS Jardim Cibele | UBS Polícia Rodoviária | UBS Sanga da Areia | UBS Sanga da Toca,15,True,True,
175,174,Vitaminas e Sais Minerais,"Tiamina, cloridrato",Tiamina,300 mg comprimido,Farmácia Bom Pastor,Farmácia Bom Pastor,1,True,False,
176,175,Fitoterápicos,Guaco – Mikania glomerata,Guaco,"Solução oral 0,5mg a 5 mg Cumarina",Farmácia Bom pastor,Farmácia Bom Pastor,1,True,False,
177,176,Fitoterápicos,Garra- do- diabo (Harpagophyt um procumbens),Garra- Do- Diabo,30mg a 100mg harpagosídeo ou 45 mg a 150 mg iridoides totais expresso em harpagosídeos (dose diária),Farmácia Bom pastor,Farmácia Bom Pastor,1,True,False,
178,177,Fitoterápicos,Isoflavona soja – Glycine max,Isoflavona Soja,Cápsula50mg a 120 mg Isoflavonas,Farmácia Bom Pastor,Farmácia Bom Pastor,1,True,False,
179,178,Outros,Mesilato Doxazosina,Mesilato Doxazosina,2mg Comprimido,Farmácia Bom Pastor,Farmácia Bom Pastor,1,True,False,
180,179,Outros,Mesilato Doxazosina,Mesilato Doxazosina,4mg Comprimido,Farmácia Bom Pastor,Farmácia Bom Pastor,1,True,False,
181,180,Outros,Finasterida,Finasterida,5mg Comprimido,Farmácia Bom Pastor,Farmácia Bom Pastor,1,True,False,
182,181,Outros,Pasta d`água para dispensação,Pasta D`Água Para Dispensação,pasta (Anexo),Farmácia Bom Pastor,Farmácia Bom Pastor,1,True,False,
